"Code","Label"
"A01","01 Crop and animal production, hunting and related service activities"
"A01.1","01.1 Growing of non-perennial crops"
"A01.11","01.11 Growing of cereals (except rice), leguminous crops and oil seeds"
"A01.12","01.12 Growing of rice"
"A01.13","01.13 Growing of vegetables and melons, roots and tubers"
"A01.14","01.14 Growing of sugar cane"
"A01.15","01.15 Growing of tobacco"
"A01.16","01.16 Growing of fibre crops"
"A01.19","01.19 Growing of other non-perennial crops"
"A01.2","01.2 Growing of perennial crops"
"A01.21","01.21 Growing of grapes"
"A01.22","01.22 Growing of tropical and subtropical fruits"
"A01.23","01.23 Growing of citrus fruits"
"A01.24","01.24 Growing of pome fruits and stone fruits"
"A01.25","01.25 Growing of other tree and bush fruits and nuts"
"A01.26","01.26 Growing of oleaginous fruits"
"A01.27","01.27 Growing of beverage crops"
"A01.28","01.28 Growing of spices, aromatic, drug and pharmaceutical crops"
"A01.29","01.29 Growing of other perennial crops"
"A01.3","01.3 Plant propagation"
"A01.30","01.30 Plant propagation"
"A01.4","01.4 Animal production"
"A01.41","01.41 Raising of dairy cattle"
"A01.42","01.42 Raising of other cattle and buffaloes"
"A01.43","01.43 Raising of horses and other equines"
"A01.44","01.44 Raising of camels and camelids"
"A01.45","01.45 Raising of sheep and goats"
"A01.46","01.46 Raising of swine/pigs"
"A01.47","01.47 Raising of poultry"
"A01.49","01.49 Raising of other animals"
"A01.5","01.5 Mixed farming"
"A01.50","01.50 Mixed farming"
"A01.6","01.6 Support activities to agriculture and post-harvest crop activities"
"A01.61","01.61 Support activities for crop production"
"A01.62","01.62 Support activities for animal production"
"A01.63","01.63 Post-harvest crop activities"
"A01.64","01.64 Seed processing for propagation"
"A01.7","01.7 Hunting, trapping and related service activities"
"A01.70","01.70 Hunting, trapping and related service activities"
"A02","02 Forestry and logging"
"A02.1","02.1 Silviculture and other forestry activities"
"A02.10","02.10 Silviculture and other forestry activities"
"A02.2","02.2 Logging"
"A02.20","02.20 Logging"
"A02.3","02.3 Gathering of wild growing non-wood products"
"A02.30","02.30 Gathering of wild growing non-wood products"
"A02.4","02.4 Support services to forestry"
"A02.40","02.40 Support services to forestry"
"A03","03 Fishing and aquaculture"
"A03.1","03.1 Fishing"
"A03.11","03.11 Marine fishing"
"A03.12","03.12 Freshwater fishing"
"A03.2","03.2 Aquaculture"
"A03.21","03.21 Marine aquaculture"
"A03.22","03.22 Freshwater aquaculture"
"B05","05 Mining of coal and lignite"
"B05.1","05.1 Mining of hard coal"
"B05.10","05.10 Mining of hard coal"
"B05.2","05.2 Mining of lignite"
"B05.20","05.20 Mining of lignite"
"B06","06 Extraction of crude petroleum and natural gas"
"B06.1","06.1 Extraction of crude petroleum"
"B06.10","06.10 Extraction of crude petroleum"
"B06.2","06.2 Extraction of natural gas"
"B06.20","06.20 Extraction of natural gas"
"B07","07 Mining of metal ores"
"B07.1","07.1 Mining of iron ores"
"B07.10","07.10 Mining of iron ores"
"B07.2","07.2 Mining of non-ferrous metal ores"
"B07.21","07.21 Mining of uranium and thorium ores"
"B07.29","07.29 Mining of other non-ferrous metal ores"
"B08","08 Other mining and quarrying"
"B08.1","08.1 Quarrying of stone, sand and clay"
"B08.11","08.11 Quarrying of ornamental and building stone, limestone, gypsum, chalk and slate"
"B08.12","08.12 Operation of gravel and sand pits; mining of clays and kaolin"
"B08.9","08.9 Mining and quarrying n.e.c."
"B08.91","08.91 Mining of chemical and fertiliser minerals"
"B08.92","08.92 Extraction of peat"
"B08.93","08.93 Extraction of salt"
"B08.99","08.99 Other mining and quarrying n.e.c."
"B09","09 Mining support service activities"
"B09.1","09.1 Support activities for petroleum and natural gas extraction"
"B09.10","09.10 Support activities for petroleum and natural gas extraction"
"B09.9","09.9 Support activities for other mining and quarrying"
"B09.90","09.90 Support activities for other mining and quarrying"
"C10","10 Manufacture of food products"
"C10.1","10.1 Processing and preserving of meat and production of meat products"
"C10.11","10.11 Processing and preserving of meat"
"C10.12","10.12 Processing and preserving of poultry meat"
"C10.13","10.13 Production of meat and poultry meat products"
"C10.2","10.2 Processing and preserving of fish, crustaceans and molluscs"
"C10.20","10.20 Processing and preserving of fish, crustaceans and molluscs"
"C10.3","10.3 Processing and preserving of fruit and vegetables"
"C10.31","10.31 Processing and preserving of potatoes"
"C10.32","10.32 Manufacture of fruit and vegetable juice"
"C10.39","10.39 Other processing and preserving of fruit and vegetables"
"C10.4","10.4 Manufacture of vegetable and animal oils and fats"
"C10.41","10.41 Manufacture of oils and fats"
"C10.42","10.42 Manufacture of margarine and similar edible fats"
"C10.5","10.5 Manufacture of dairy products"
"C10.51","10.51 Operation of dairies and cheese making"
"C10.52","10.52 Manufacture of ice cream"
"C10.6","10.6 Manufacture of grain mill products, starches and starch products"
"C10.61","10.61 Manufacture of grain mill products"
"C10.62","10.62 Manufacture of starches and starch products"
"C10.7","10.7 Manufacture of bakery and farinaceous products"
"C10.71","10.71 Manufacture of bread; manufacture of fresh pastry goods and cakes"
"C10.72","10.72 Manufacture of rusks and biscuits; manufacture of preserved pastry goods and cakes"
"C10.73","10.73 Manufacture of macaroni, noodles, couscous and similar farinaceous products"
"C10.8","10.8 Manufacture of other food products"
"C10.81","10.81 Manufacture of sugar"
"C10.82","10.82 Manufacture of cocoa, chocolate and sugar confectionery"
"C10.83","10.83 Processing of tea and coffee"
"C10.84","10.84 Manufacture of condiments and seasonings"
"C10.85","10.85 Manufacture of prepared meals and dishes"
"C10.86","10.86 Manufacture of homogenised food preparations and dietetic food"
"C10.89","10.89 Manufacture of other food products n.e.c."
"C10.9","10.9 Manufacture of prepared animal feeds"
"C10.91","10.91 Manufacture of prepared feeds for farm animals"
"C10.92","10.92 Manufacture of prepared pet foods"
"C11","11 Manufacture of beverages"
"C11.0","11.0 Manufacture of beverages"
"C11.01","11.01 Distilling, rectifying and blending of spirits"
"C11.02","11.02 Manufacture of wine from grape"
"C11.03","11.03 Manufacture of cider and other fruit wines"
"C11.04","11.04 Manufacture of other non-distilled fermented beverages"
"C11.05","11.05 Manufacture of beer"
"C11.06","11.06 Manufacture of malt"
"C11.07","11.07 Manufacture of soft drinks; production of mineral waters and other bottled waters"
"C12","12 Manufacture of tobacco products"
"C12.0","12.0 Manufacture of tobacco products"
"C12.00","12.00 Manufacture of tobacco products"
"C13","13 Manufacture of textiles"
"C13.1","13.1 Preparation and spinning of textile fibres"
"C13.10","13.10 Preparation and spinning of textile fibres"
"C13.2","13.2 Weaving of textiles"
"C13.20","13.20 Weaving of textiles"
"C13.3","13.3 Finishing of textiles"
"C13.30","13.30 Finishing of textiles"
"C13.9","13.9 Manufacture of other textiles"
"C13.91","13.91 Manufacture of knitted and crocheted fabrics"
"C13.92","13.92 Manufacture of made-up textile articles, except apparel"
"C13.93","13.93 Manufacture of carpets and rugs"
"C13.94","13.94 Manufacture of cordage, rope, twine and netting"
"C13.95","13.95 Manufacture of non-wovens and articles made from non-wovens, except apparel"
"C13.96","13.96 Manufacture of other technical and industrial textiles"
"C13.99","13.99 Manufacture of other textiles n.e.c."
"C14","14 Manufacture of wearing apparel"
"C14.1","14.1 Manufacture of wearing apparel, except fur apparel"
"C14.11","14.11 Manufacture of leather clothes"
"C14.12","14.12 Manufacture of workwear"
"C14.13","14.13 Manufacture of other outerwear"
"C14.14","14.14 Manufacture of underwear"
"C14.19","14.19 Manufacture of other wearing apparel and accessories"
"C14.2","14.2 Manufacture of articles of fur"
"C14.20","14.20 Manufacture of articles of fur"
"C14.3","14.3 Manufacture of knitted and crocheted apparel"
"C14.31","14.31 Manufacture of knitted and crocheted hosiery"
"C14.39","14.39 Manufacture of other knitted and crocheted apparel"
"C15","15 Manufacture of leather and related products"
"C15.1","15.1 Tanning and dressing of leather; manufacture of luggage, handbags, saddlery and harness; dressing and dyeing of fur"
"C15.11","15.11 Tanning and dressing of leather; dressing and dyeing of fur"
"C15.12","15.12 Manufacture of luggage, handbags and the like, saddlery and harness"
"C15.2","15.2 Manufacture of footwear"
"C15.20","15.20 Manufacture of footwear"
"C16","16 Manufacture of wood and of products of wood and cork, except furniture; manufacture of articles of straw and plaiting materials"
"C16.1","16.1 Sawmilling and planing of wood"
"C16.10","16.10 Sawmilling and planing of wood"
"C16.2","16.2 Manufacture of products of wood, cork, straw and plaiting materials"
"C16.21","16.21 Manufacture of veneer sheets and wood-based panels"
"C16.22","16.22 Manufacture of assembled parquet floors"
"C16.23","16.23 Manufacture of other builders' carpentry and joinery"
"C16.24","16.24 Manufacture of wooden containers"
"C16.29","16.29 Manufacture of other products of wood; manufacture of articles of cork, straw and plaiting materials"
"C17","17 Manufacture of paper and paper products"
"C17.1","17.1 Manufacture of pulp, paper and paperboard"
"C17.11","17.11 Manufacture of pulp"
"C17.12","17.12 Manufacture of paper and paperboard"
"C17.2","17.2 Manufacture of articles of paper and paperboard"
"C17.21","17.21 Manufacture of corrugated paper and paperboard and of containers of paper and paperboard"
"C17.22","17.22 Manufacture of household and sanitary goods and of toilet requisites"
"C17.23","17.23 Manufacture of paper stationery"
"C17.24","17.24 Manufacture of wallpaper"
"C17.29","17.29 Manufacture of other articles of paper and paperboard"
"C18","18 Printing and reproduction of recorded media"
"C18.1","18.1 Printing and service activities related to printing"
"C18.11","18.11 Printing of newspapers"
"C18.12","18.12 Other printing"
"C18.13","18.13 Pre-press and pre-media services"
"C18.14","18.14 Binding and related services"
"C18.2","18.2 Reproduction of recorded media"
"C18.20","18.20 Reproduction of recorded media"
"C19","19 Manufacture of coke and refined petroleum products"
"C19.1","19.1 Manufacture of coke oven products"
"C19.10","19.10 Manufacture of coke oven products"
"C19.2","19.2 Manufacture of refined petroleum products"
"C19.20","19.20 Manufacture of refined petroleum products"
"C20","20 Manufacture of chemicals and chemical products"
"C20.1","20.1 Manufacture of basic chemicals, fertilisers and nitrogen compounds, plastics and synthetic rubber in primary forms"
"C20.11","20.11 Manufacture of industrial gases"
"C20.12","20.12 Manufacture of dyes and pigments"
"C20.13","20.13 Manufacture of other inorganic basic chemicals"
"C20.14","20.14 Manufacture of other organic basic chemicals"
"C20.15","20.15 Manufacture of fertilisers and nitrogen compounds"
"C20.16","20.16 Manufacture of plastics in primary forms"
"C20.17","20.17 Manufacture of synthetic rubber in primary forms"
"C20.2","20.2 Manufacture of pesticides and other agrochemical products"
"C20.20","20.20 Manufacture of pesticides and other agrochemical products"
"C20.3","20.3 Manufacture of paints, varnishes and similar coatings, printing ink and mastics"
"C20.30","20.30 Manufacture of paints, varnishes and similar coatings, printing ink and mastics"
"C20.4","20.4 Manufacture of soap and detergents, cleaning and polishing preparations, perfumes and toilet preparations"
"C20.41","20.41 Manufacture of soap and detergents, cleaning and polishing preparations"
"C20.42","20.42 Manufacture of perfumes and toilet preparations"
"C20.5","20.5 Manufacture of other chemical products"
"C20.51","20.51 Manufacture of explosives"
"C20.52","20.52 Manufacture of glues"
"C20.53","20.53 Manufacture of essential oils"
"C20.59","20.59 Manufacture of other chemical products n.e.c."
"C20.6","20.6 Manufacture of man-made fibres"
"C20.60","20.60 Manufacture of man-made fibres"
"C21","21 Manufacture of basic pharmaceutical products and pharmaceutical preparations"
"C21.1","21.1 Manufacture of basic pharmaceutical products"
"C21.10","21.10 Manufacture of basic pharmaceutical products"
"C21.2","21.2 Manufacture of pharmaceutical preparations"
"C21.20","21.20 Manufacture of pharmaceutical preparations"
"C22","22 Manufacture of rubber and plastic products"
"C22.1","22.1 Manufacture of rubber products"
"C22.11","22.11 Manufacture of rubber tyres and tubes; retreading and rebuilding of rubber tyres"
"C22.19","22.19 Manufacture of other rubber products"
"C22.2","22.2 Manufacture of plastic products"
"C22.21","22.21 Manufacture of plastic plates, sheets, tubes and profiles"
"C22.22","22.22 Manufacture of plastic packing goods"
"C22.23","22.23 Manufacture of buildersâ€™ ware of plastic"
"C22.29","22.29 Manufacture of other plastic products"
"C23","23 Manufacture of other non-metallic mineral products"
"C23.1","23.1 Manufacture of glass and glass products"
"C23.11","23.11 Manufacture of flat glass"
"C23.12","23.12 Shaping and processing of flat glass"
"C23.13","23.13 Manufacture of hollow glass"
"C23.14","23.14 Manufacture of glass fibres"
"C23.19","23.19 Manufacture and processing of other glass, including technical glassware"
"C23.2","23.2 Manufacture of refractory products"
"C23.20","23.20 Manufacture of refractory products"
"C23.3","23.3 Manufacture of clay building materials"
"C23.31","23.31 Manufacture of ceramic tiles and flags"
"C23.32","23.32 Manufacture of bricks, tiles and construction products, in baked clay"
"C23.4","23.4 Manufacture of other porcelain and ceramic products"
"C23.41","23.41 Manufacture of ceramic household and ornamental articles"
"C23.42","23.42 Manufacture of ceramic sanitary fixtures"
"C23.43","23.43 Manufacture of ceramic insulators and insulating fittings"
"C23.44","23.44 Manufacture of other technical ceramic products"
"C23.49","23.49 Manufacture of other ceramic products"
"C23.5","23.5 Manufacture of cement, lime and plaster"
"C23.51","23.51 Manufacture of cement"
"C23.52","23.52 Manufacture of lime and plaster"
"C23.6","23.6 Manufacture of articles of concrete, cement and plaster"
"C23.61","23.61 Manufacture of concrete products for construction purposes"
"C23.62","23.62 Manufacture of plaster products for construction purposes"
"C23.63","23.63 Manufacture of ready-mixed concrete"
"C23.64","23.64 Manufacture of mortars"
"C23.65","23.65 Manufacture of fibre cement"
"C23.69","23.69 Manufacture of other articles of concrete, plaster and cement"
"C23.7","23.7 Cutting, shaping and finishing of stone"
"C23.70","23.70 Cutting, shaping and finishing of stone"
"C23.9","23.9 Manufacture of abrasive products and non-metallic mineral products n.e.c."
"C23.91","23.91 Production of abrasive products"
"C23.99","23.99 Manufacture of other non-metallic mineral products n.e.c."
"C24","24 Manufacture of basic metals"
"C24.1","24.1 Manufacture of basic iron and steel and of ferro-alloys"
"C24.10","24.10 Manufacture of basic iron and steel and of ferro-alloys"
"C24.2","24.2 Manufacture of tubes, pipes, hollow profiles and related fittings, of steel"
"C24.20","24.20 Manufacture of tubes, pipes, hollow profiles and related fittings, of steel"
"C24.3","24.3 Manufacture of other products of first processing of steel"
"C24.31","24.31 Cold drawing of bars"
"C24.32","24.32 Cold rolling of narrow strip"
"C24.33","24.33 Cold forming or folding"
"C24.34","24.34 Cold drawing of wire"
"C24.4","24.4 Manufacture of basic precious and other non-ferrous metals"
"C24.41","24.41 Precious metals production"
"C24.42","24.42 Aluminium production"
"C24.43","24.43 Lead, zinc and tin production"
"C24.44","24.44 Copper production"
"C24.45","24.45 Other non-ferrous metal production"
"C24.46","24.46 Processing of nuclear fuel"
"C24.5","24.5 Casting of metals"
"C24.51","24.51 Casting of iron"
"C24.52","24.52 Casting of steel"
"C24.53","24.53 Casting of light metals"
"C24.54","24.54 Casting of other non-ferrous metals"
"C25","25 Manufacture of fabricated metal products, except machinery and equipment"
"C25.1","25.1 Manufacture of structural metal products"
"C25.11","25.11 Manufacture of metal structures and parts of structures"
"C25.12","25.12 Manufacture of doors and windows of metal"
"C25.2","25.2 Manufacture of tanks, reservoirs and containers of metal"
"C25.21","25.21 Manufacture of central heating radiators and boilers"
"C25.29","25.29 Manufacture of other tanks, reservoirs and containers of metal"
"C25.3","25.3 Manufacture of steam generators, except central heating hot water boilers"
"C25.30","25.30 Manufacture of steam generators, except central heating hot water boilers"
"C25.4","25.4 Manufacture of weapons and ammunition"
"C25.40","25.40 Manufacture of weapons and ammunition"
"C25.5","25.5 Forging, pressing, stamping and roll-forming of metal; powder metallurgy"
"C25.50","25.50 Forging, pressing, stamping and roll-forming of metal; powder metallurgy"
"C25.6","25.6 Treatment and coating of metals; machining"
"C25.61","25.61 Treatment and coating of metals"
"C25.62","25.62 Machining"
"C25.7","25.7 Manufacture of cutlery, tools and general hardware"
"C25.71","25.71 Manufacture of cutlery"
"C25.72","25.72 Manufacture of locks and hinges"
"C25.73","25.73 Manufacture of tools"
"C25.9","25.9 Manufacture of other fabricated metal products"
"C25.91","25.91 Manufacture of steel drums and similar containers"
"C25.92","25.92 Manufacture of light metal packaging"
"C25.93","25.93 Manufacture of wire products, chain and springs"
"C25.94","25.94 Manufacture of fasteners and screw machine products"
"C25.99","25.99 Manufacture of other fabricated metal products n.e.c."
"C26","26 Manufacture of computer, electronic and optical products"
"C26.1","26.1 Manufacture of electronic components and boards"
"C26.11","26.11 Manufacture of electronic components"
"C26.12","26.12 Manufacture of loaded electronic boards"
"C26.2","26.2 Manufacture of computers and peripheral equipment"
"C26.20","26.20 Manufacture of computers and peripheral equipment"
"C26.3","26.3 Manufacture of communication equipment"
"C26.30","26.30 Manufacture of communication equipment"
"C26.4","26.4 Manufacture of consumer electronics"
"C26.40","26.40 Manufacture of consumer electronics"
"C26.5","26.5 Manufacture of instruments and appliances for measuring, testing and navigation; watches and clocks"
"C26.51","26.51 Manufacture of instruments and appliances for measuring, testing and navigation"
"C26.52","26.52 Manufacture of watches and clocks"
"C26.6","26.6 Manufacture of irradiation, electromedical and electrotherapeutic equipment"
"C26.60","26.60 Manufacture of irradiation, electromedical and electrotherapeutic equipment"
"C26.7","26.7 Manufacture of optical instruments and photographic equipment"
"C26.70","26.70 Manufacture of optical instruments and photographic equipment"
"C26.8","26.8 Manufacture of magnetic and optical media"
"C26.80","26.80 Manufacture of magnetic and optical media"
"C27","27 Manufacture of electrical equipment"
"C27.1","27.1 Manufacture of electric motors, generators, transformers and electricity distribution and control apparatus"
"C27.11","27.11 Manufacture of electric motors, generators and transformers"
"C27.12","27.12 Manufacture of electricity distribution and control apparatus"
"C27.2","27.2 Manufacture of batteries and accumulators"
"C27.20","27.20 Manufacture of batteries and accumulators"
"C27.3","27.3 Manufacture of wiring and wiring devices"
"C27.31","27.31 Manufacture of fibre optic cables"
"C27.32","27.32 Manufacture of other electronic and electric wires and cables"
"C27.33","27.33 Manufacture of wiring devices"
"C27.4","27.4 Manufacture of electric lighting equipment"
"C27.40","27.40 Manufacture of electric lighting equipment"
"C27.5","27.5 Manufacture of domestic appliances"
"C27.51","27.51 Manufacture of electric domestic appliances"
"C27.52","27.52 Manufacture of non-electric domestic appliances"
"C27.9","27.9 Manufacture of other electrical equipment"
"C27.90","27.90 Manufacture of other electrical equipment"
"C28","28 Manufacture of machinery and equipment n.e.c."
"C28.1","28.1 Manufacture of general-purpose machinery"
"C28.11","28.11 Manufacture of engines and turbines, except aircraft, vehicle and cycle engines"
"C28.12","28.12 Manufacture of fluid power equipment"
"C28.13","28.13 Manufacture of other pumps and compressors"
"C28.14","28.14 Manufacture of other taps and valves"
"C28.15","28.15 Manufacture of bearings, gears, gearing and driving elements"
"C28.2","28.2 Manufacture of other general-purpose machinery"
"C28.21","28.21 Manufacture of ovens, furnaces and furnace burners"
"C28.22","28.22 Manufacture of lifting and handling equipment"
"C28.23","28.23 Manufacture of office machinery and equipment (except computers and peripheral equipment)"
"C28.24","28.24 Manufacture of power-driven hand tools"
"C28.25","28.25 Manufacture of non-domestic cooling and ventilation equipment"
"C28.29","28.29 Manufacture of other general-purpose machinery n.e.c."
"C28.3","28.3 Manufacture of agricultural and forestry machinery"
"C28.30","28.30 Manufacture of agricultural and forestry machinery"
"C28.4","28.4 Manufacture of metal forming machinery and machine tools"
"C28.41","28.41 Manufacture of metal forming machinery"
"C28.49","28.49 Manufacture of other machine tools"
"C28.9","28.9 Manufacture of other special-purpose machinery"
"C28.91","28.91 Manufacture of machinery for metallurgy"
"C28.92","28.92 Manufacture of machinery for mining, quarrying and construction"
"C28.93","28.93 Manufacture of machinery for food, beverage and tobacco processing"
"C28.94","28.94 Manufacture of machinery for textile, apparel and leather production"
"C28.95","28.95 Manufacture of machinery for paper and paperboard production"
"C28.96","28.96 Manufacture of plastics and rubber machinery"
"C28.99","28.99 Manufacture of other special-purpose machinery n.e.c."
"C29","29 Manufacture of motor vehicles, trailers and semi-trailers"
"C29.1","29.1 Manufacture of motor vehicles"
"C29.10","29.10 Manufacture of motor vehicles"
"C29.2","29.2 Manufacture of bodies (coachwork) for motor vehicles; manufacture of trailers and semi-trailers"
"C29.20","29.20 Manufacture of bodies (coachwork) for motor vehicles; manufacture of trailers and semi-trailers"
"C29.3","29.3 Manufacture of parts and accessories for motor vehicles"
"C29.31","29.31 Manufacture of electrical and electronic equipment for motor vehicles"
"C29.32","29.32 Manufacture of other parts and accessories for motor vehicles"
"C30","30 Manufacture of other transport equipment"
"C30.1","30.1 Building of ships and boats"
"C30.11","30.11 Building of ships and floating structures"
"C30.12","30.12 Building of pleasure and sporting boats"
"C30.2","30.2 Manufacture of railway locomotives and rolling stock"
"C30.20","30.20 Manufacture of railway locomotives and rolling stock"
"C30.3","30.3 Manufacture of air and spacecraft and related machinery"
"C30.30","30.30 Manufacture of air and spacecraft and related machinery"
"C30.4","30.4 Manufacture of military fighting vehicles"
"C30.40","30.40 Manufacture of military fighting vehicles"
"C30.9","30.9 Manufacture of transport equipment n.e.c."
"C30.91","30.91 Manufacture of motorcycles"
"C30.92","30.92 Manufacture of bicycles and invalid carriages"
"C30.99","30.99 Manufacture of other transport equipment n.e.c."
"C31","31 Manufacture of furniture"
"C31.0","31.0 Manufacture of furniture"
"C31.01","31.01 Manufacture of office and shop furniture"
"C31.02","31.02 Manufacture of kitchen furniture"
"C31.03","31.03 Manufacture of mattresses"
"C31.09","31.09 Manufacture of other furniture"
"C32","32 Other manufacturing"
"C32.1","32.1 Manufacture of jewellery, bijouterie and related articles"
"C32.11","32.11 Striking of coins"
"C32.12","32.12 Manufacture of jewellery and related articles"
"C32.13","32.13 Manufacture of imitation jewellery and related articles"
"C32.2","32.2 Manufacture of musical instruments"
"C32.20","32.20 Manufacture of musical instruments"
"C32.3","32.3 Manufacture of sports goods"
"C32.30","32.30 Manufacture of sports goods"
"C32.4","32.4 Manufacture of games and toys"
"C32.40","32.40 Manufacture of games and toys"
"C32.5","32.5 Manufacture of medical and dental instruments and supplies"
"C32.50","32.50 Manufacture of medical and dental instruments and supplies"
"C32.9","32.9 Manufacturing n.e.c."
"C32.91","32.91 Manufacture of brooms and brushes"
"C32.99","32.99 Other manufacturing n.e.c."
"C33","33 Repair and installation of machinery and equipment"
"C33.1","33.1 Repair of fabricated metal products, machinery and equipment"
"C33.11","33.11 Repair of fabricated metal products"
"C33.12","33.12 Repair of machinery"
"C33.13","33.13 Repair of electronic and optical equipment"
"C33.14","33.14 Repair of electrical equipment"
"C33.15","33.15 Repair and maintenance of ships and boats"
"C33.16","33.16 Repair and maintenance of aircraft and spacecraft"
"C33.17","33.17 Repair and maintenance of other transport equipment"
"C33.19","33.19 Repair of other equipment"
"C33.2","33.2 Installation of industrial machinery and equipment"
"C33.20","33.20 Installation of industrial machinery and equipment"
"D35","35 Electricity, gas, steam and air conditioning supply"
"D35.1","35.1 Electric power generation, transmission and distribution"
"D35.11","35.11 Production of electricity"
"D35.12","35.12 Transmission of electricity"
"D35.13","35.13 Distribution of electricity"
"D35.14","35.14 Trade of electricity"
"D35.2","35.2 Manufacture of gas; distribution of gaseous fuels through mains"
"D35.21","35.21 Manufacture of gas"
"D35.22","35.22 Distribution of gaseous fuels through mains"
"D35.23","35.23 Trade of gas through mains"
"D35.3","35.3 Steam and air conditioning supply"
"D35.30","35.30 Steam and air conditioning supply"
"E36","36 Water collection, treatment and supply"
"E36.0","36.0 Water collection, treatment and supply"
"E36.00","36.00 Water collection, treatment and supply"
"E37","37 Sewerage"
"E37.0","37.0 Sewerage"
"E37.00","37.00 Sewerage"
"E38","38 Waste collection, treatment and disposal activities; materials recovery"
"E38.1","38.1 Waste collection"
"E38.11","38.11 Collection of non-hazardous waste"
"E38.12","38.12 Collection of hazardous waste"
"E38.2","38.2 Waste treatment and disposal"
"E38.21","38.21 Treatment and disposal of non-hazardous waste"
"E38.22","38.22 Treatment and disposal of hazardous waste"
"E38.3","38.3 Materials recovery"
"E38.31","38.31 Dismantling of wrecks"
"E38.32","38.32 Recovery of sorted materials"
"E39","39 Remediation activities and other waste management services"
"E39.0","39.0 Remediation activities and other waste management services"
"E39.00","39.00 Remediation activities and other waste management services"
"F41","41 Construction of buildings"
"F41.1","41.1 Development of building projects"
"F41.10","41.10 Development of building projects"
"F41.2","41.2 Construction of residential and non-residential buildings"
"F41.20","41.20 Construction of residential and non-residential buildings"
"F42","42 Civil engineering"
"F42.1","42.1 Construction of roads and railways"
"F42.11","42.11 Construction of roads and motorways"
"F42.12","42.12 Construction of railways and underground railways"
"F42.13","42.13 Construction of bridges and tunnels"
"F42.2","42.2 Construction of utility projects"
"F42.21","42.21 Construction of utility projects for fluids"
"F42.22","42.22 Construction of utility projects for electricity and telecommunications"
"F42.9","42.9 Construction of other civil engineering projects"
"F42.91","42.91 Construction of water projects"
"F42.99","42.99 Construction of other civil engineering projects n.e.c."
"F43","43 Specialised construction activities"
"F43.1","43.1 Demolition and site preparation"
"F43.11","43.11 Demolition"
"F43.12","43.12 Site preparation"
"F43.13","43.13 Test drilling and boring"
"F43.2","43.2 Electrical, plumbing and other construction installation activities"
"F43.21","43.21 Electrical installation"
"F43.22","43.22 Plumbing, heat and air-conditioning installation"
"F43.29","43.29 Other construction installation"
"F43.3","43.3 Building completion and finishing"
"F43.31","43.31 Plastering"
"F43.32","43.32 Joinery installation"
"F43.33","43.33 Floor and wall covering"
"F43.34","43.34 Painting and glazing"
"F43.39","43.39 Other building completion and finishing"
"F43.9","43.9 Other specialised construction activities"
"F43.91","43.91 Roofing activities"
"F43.99","43.99 Other specialised construction activities n.e.c."
"G45","45 Wholesale and retail trade and repair of motor vehicles and motorcycles"
"G45.1","45.1 Sale of motor vehicles"
"G45.11","45.11 Sale of cars and light motor vehicles"
"G45.19","45.19 Sale of other motor vehicles"
"G45.2","45.2 Maintenance and repair of motor vehicles"
"G45.20","45.20 Maintenance and repair of motor vehicles"
"G45.3","45.3 Sale of motor vehicle parts and accessories"
"G45.31","45.31 Wholesale trade of motor vehicle parts and accessories"
"G45.32","45.32 Retail trade of motor vehicle parts and accessories"
"G45.4","45.4 Sale, maintenance and repair of motorcycles and related parts and accessories"
"G45.40","45.40 Sale, maintenance and repair of motorcycles and related parts and accessories"
"G46","46 Wholesale trade, except of motor vehicles and motorcycles"
"G46.1","46.1 Wholesale on a fee or contract basis"
"G46.11","46.11 Agents involved in the sale of agricultural raw materials, live animals, textile raw materials and semi-finished goods"
"G46.12","46.12 Agents involved in the sale of fuels, ores, metals and industrial chemicals"
"G46.13","46.13 Agents involved in the sale of timber and building materials"
"G46.14","46.14 Agents involved in the sale of machinery, industrial equipment, ships and aircraft"
"G46.15","46.15 Agents involved in the sale of furniture, household goods, hardware and ironmongery"
"G46.16","46.16 Agents involved in the sale of textiles, clothing, fur, footwear and leather goods"
"G46.17","46.17 Agents involved in the sale of food, beverages and tobacco"
"G46.18","46.18 Agents specialised in the sale of other particular products"
"G46.19","46.19 Agents involved in the sale of a variety of goods"
"G46.2","46.2 Wholesale of agricultural raw materials and live animals"
"G46.21","46.21 Wholesale of grain, unmanufactured tobacco, seeds and animal feeds"
"G46.22","46.22 Wholesale of flowers and plants"
"G46.23","46.23 Wholesale of live animals"
"G46.24","46.24 Wholesale of hides, skins and leather"
"G46.3","46.3 Wholesale of food, beverages and tobacco"
"G46.31","46.31 Wholesale of fruit and vegetables"
"G46.32","46.32 Wholesale of meat and meat products"
"G46.33","46.33 Wholesale of dairy products, eggs and edible oils and fats"
"G46.34","46.34 Wholesale of beverages"
"G46.35","46.35 Wholesale of tobacco products"
"G46.36","46.36 Wholesale of sugar and chocolate and sugar confectionery"
"G46.37","46.37 Wholesale of coffee, tea, cocoa and spices"
"G46.38","46.38 Wholesale of other food, including fish, crustaceans and molluscs"
"G46.39","46.39 Non-specialised wholesale of food, beverages and tobacco"
"G46.4","46.4 Wholesale of household goods"
"G46.41","46.41 Wholesale of textiles"
"G46.42","46.42 Wholesale of clothing and footwear"
"G46.43","46.43 Wholesale of electrical household appliances"
"G46.44","46.44 Wholesale of china and glassware and cleaning materials"
"G46.45","46.45 Wholesale of perfume and cosmetics"
"G46.46","46.46 Wholesale of pharmaceutical goods"
"G46.47","46.47 Wholesale of furniture, carpets and lighting equipment"
"G46.48","46.48 Wholesale of watches and jewellery"
"G46.49","46.49 Wholesale of other household goods"
"G46.5","46.5 Wholesale of information and communication equipment"
"G46.51","46.51 Wholesale of computers, computer peripheral equipment and software"
"G46.52","46.52 Wholesale of electronic and telecommunications equipment and parts"
"G46.6","46.6 Wholesale of other machinery, equipment and supplies"
"G46.61","46.61 Wholesale of agricultural machinery, equipment and supplies"
"G46.62","46.62 Wholesale of machine tools"
"G46.63","46.63 Wholesale of mining, construction and civil engineering machinery"
"G46.64","46.64 Wholesale of machinery for the textile industry and of sewing and knitting machines"
"G46.65","46.65 Wholesale of office furniture"
"G46.66","46.66 Wholesale of other office machinery and equipment"
"G46.69","46.69 Wholesale of other machinery and equipment"
"G46.7","46.7 Other specialised wholesale"
"G46.71","46.71 Wholesale of solid, liquid and gaseous fuels and related products"
"G46.72","46.72 Wholesale of metals and metal ores"
"G46.73","46.73 Wholesale of wood, construction materials and sanitary equipment"
"G46.74","46.74 Wholesale of hardware, plumbing and heating equipment and supplies"
"G46.75","46.75 Wholesale of chemical products"
"G46.76","46.76 Wholesale of other intermediate products"
"G46.77","46.77 Wholesale of waste and scrap"
"G46.9","46.9 Non-specialised wholesale trade"
"G46.90","46.90 Non-specialised wholesale trade"
"G47","47 Retail trade, except of motor vehicles and motorcycles"
"G47.1","47.1 Retail sale in non-specialised stores"
"G47.11","47.11 Retail sale in non-specialised stores with food, beverages or tobacco predominating"
"G47.19","47.19 Other retail sale in non-specialised stores"
"G47.2","47.2 Retail sale of food, beverages and tobacco in specialised stores"
"G47.21","47.21 Retail sale of fruit and vegetables in specialised stores"
"G47.22","47.22 Retail sale of meat and meat products in specialised stores"
"G47.23","47.23 Retail sale of fish, crustaceans and molluscs in specialised stores"
"G47.24","47.24 Retail sale of bread, cakes, flour confectionery and sugar confectionery in specialised stores"
"G47.25","47.25 Retail sale of beverages in specialised stores"
"G47.26","47.26 Retail sale of tobacco products in specialised stores"
"G47.29","47.29 Other retail sale of food in specialised stores"
"G47.3","47.3 Retail sale of automotive fuel in specialised stores"
"G47.30","47.30 Retail sale of automotive fuel in specialised stores"
"G47.4","47.4 Retail sale of information and communication equipment in specialised stores"
"G47.41","47.41 Retail sale of computers, peripheral units and software in specialised stores"
"G47.42","47.42 Retail sale of telecommunications equipment in specialised stores"
"G47.43","47.43 Retail sale of audio and video equipment in specialised stores"
"G47.5","47.5 Retail sale of other household equipment in specialised stores"
"G47.51","47.51 Retail sale of textiles in specialised stores"
"G47.52","47.52 Retail sale of hardware, paints and glass in specialised stores"
"G47.53","47.53 Retail sale of carpets, rugs, wall and floor coverings in specialised stores"
"G47.54","47.54 Retail sale of electrical household appliances in specialised stores"
"G47.59","47.59 Retail sale of furniture, lighting equipment and other household articles in specialised stores"
"G47.6","47.6 Retail sale of cultural and recreation goods in specialised stores"
"G47.61","47.61 Retail sale of books in specialised stores"
"G47.62","47.62 Retail sale of newspapers and stationery in specialised stores"
"G47.63","47.63 Retail sale of music and video recordings in specialised stores"
"G47.64","47.64 Retail sale of sporting equipment in specialised stores"
"G47.65","47.65 Retail sale of games and toys in specialised stores"
"G47.7","47.7 Retail sale of other goods in specialised stores"
"G47.71","47.71 Retail sale of clothing in specialised stores"
"G47.72","47.72 Retail sale of footwear and leather goods in specialised stores"
"G47.73","47.73 Dispensing chemist in specialised stores"
"G47.74","47.74 Retail sale of medical and orthopaedic goods in specialised stores"
"G47.75","47.75 Retail sale of cosmetic and toilet articles in specialised stores"
"G47.76","47.76 Retail sale of flowers, plants, seeds, fertilisers, pet animals and pet food in specialised stores"
"G47.77","47.77 Retail sale of watches and jewellery in specialised stores"
"G47.78","47.78 Other retail sale of new goods in specialised stores"
"G47.79","47.79 Retail sale of second-hand goods in stores"
"G47.8","47.8 Retail sale via stalls and markets"
"G47.81","47.81 Retail sale via stalls and markets of food, beverages and tobacco products"
"G47.82","47.82 Retail sale via stalls and markets of textiles, clothing and footwear"
"G47.89","47.89 Retail sale via stalls and markets of other goods"
"G47.9","47.9 Retail trade not in stores, stalls or markets"
"G47.91","47.91 Retail sale via mail order houses or via Internet"
"G47.99","47.99 Other retail sale not in stores, stalls or markets"
"H49","49 Land transport and transport via pipelines"
"H49.1","49.1 Passenger rail transport, interurban"
"H49.10","49.10 Passenger rail transport, interurban"
"H49.2","49.2 Freight rail transport"
"H49.20","49.20 Freight rail transport"
"H49.3","49.3 Other passenger land transport"
"H49.31","49.31 Urban and suburban passenger land transport"
"H49.32","49.32 Taxi operation"
"H49.39","49.39 Other passenger land transport n.e.c."
"H49.4","49.4 Freight transport by road and removal services"
"H49.41","49.41 Freight transport by road"
"H49.42","49.42 Removal services"
"H49.5","49.5 Transport via pipeline"
"H49.50","49.50 Transport via pipeline"
"H50","50 Water transport"
"H50.1","50.1 Sea and coastal passenger water transport"
"H50.10","50.10 Sea and coastal passenger water transport"
"H50.2","50.2 Sea and coastal freight water transport"
"H50.20","50.20 Sea and coastal freight water transport"
"H50.3","50.3 Inland passenger water transport"
"H50.30","50.30 Inland passenger water transport"
"H50.4","50.4 Inland freight water transport"
"H50.40","50.40 Inland freight water transport"
"H51","51 Air transport"
"H51.1","51.1 Passenger air transport"
"H51.10","51.10 Passenger air transport"
"H51.2","51.2 Freight air transport and space transport"
"H51.21","51.21 Freight air transport"
"H51.22","51.22 Space transport"
"H52","52 Warehousing and support activities for transportation"
"H52.1","52.1 Warehousing and storage"
"H52.10","52.10 Warehousing and storage"
"H52.2","52.2 Support activities for transportation"
"H52.21","52.21 Service activities incidental to land transportation"
"H52.22","52.22 Service activities incidental to water transportation"
"H52.23","52.23 Service activities incidental to air transportation"
"H52.24","52.24 Cargo handling"
"H52.29","52.29 Other transportation support activities"
"H53","53 Postal and courier activities"
"H53.1","53.1 Postal activities under universal service obligation"
"H53.10","53.10 Postal activities under universal service obligation"
"H53.2","53.2 Other postal and courier activities"
"H53.20","53.20 Other postal and courier activities"
"I55","55 Accommodation"
"I55.1","55.1 Hotels and similar accommodation"
"I55.10","55.10 Hotels and similar accommodation"
"I55.2","55.2 Holiday and other short-stay accommodation"
"I55.20","55.20 Holiday and other short-stay accommodation"
"I55.3","55.3 Camping grounds, recreational vehicle parks and trailer parks"
"I55.30","55.30 Camping grounds, recreational vehicle parks and trailer parks"
"I55.9","55.9 Other accommodation"
"I55.90","55.90 Other accommodation"
"I56","56 Food and beverage service activities"
"I56.1","56.1 Restaurants and mobile food service activities"
"I56.10","56.10 Restaurants and mobile food service activities"
"I56.2","56.2 Event catering and other food service activities"
"I56.21","56.21 Event catering activities"
"I56.29","56.29 Other food service activities"
"I56.3","56.3 Beverage serving activities"
"I56.30","56.30 Beverage serving activities"
"J58","58 Publishing activities"
"J58.1","58.1 Publishing of books, periodicals and other publishing activities"
"J58.11","58.11 Book publishing"
"J58.12","58.12 Publishing of directories and mailing lists"
"J58.13","58.13 Publishing of newspapers"
"J58.14","58.14 Publishing of journals and periodicals"
"J58.19","58.19 Other publishing activities"
"J58.2","58.2 Software publishing"
"J58.21","58.21 Publishing of computer games"
"J58.29","58.29 Other software publishing"
"J59","59 Motion picture, video and television programme production, sound recording and music publishing activities"
"J59.1","59.1 Motion picture, video and television programme activities"
"J59.11","59.11 Motion picture, video and television programme production activities"
"J59.12","59.12 Motion picture, video and television programme post-production activities"
"J59.13","59.13 Motion picture, video and television programme distribution activities"
"J59.14","59.14 Motion picture projection activities"
"J59.2","59.2 Sound recording and music publishing activities"
"J59.20","59.20 Sound recording and music publishing activities"
"J60","60 Programming and broadcasting activities"
"J60.1","60.1 Radio broadcasting"
"J60.10","60.10 Radio broadcasting"
"J60.2","60.2 Television programming and broadcasting activities"
"J60.20","60.20 Television programming and broadcasting activities"
"J61","61 Telecommunications"
"J61.1","61.1 Wired telecommunications activities"
"J61.10","61.10 Wired telecommunications activities"
"J61.2","61.2 Wireless telecommunications activities"
"J61.20","61.20 Wireless telecommunications activities"
"J61.3","61.3 Satellite telecommunications activities"
"J61.30","61.30 Satellite telecommunications activities"
"J61.9","61.9 Other telecommunications activities"
"J61.90","61.90 Other telecommunications activities"
"J62","62 Computer programming, consultancy and related activities"
"J62.0","62.0 Computer programming, consultancy and related activities"
"J62.01","62.01 Computer programming activities"
"J62.02","62.02 Computer consultancy activities"
"J62.03","62.03 Computer facilities management activities"
"J62.09","62.09 Other information technology and computer service activities"
"J63","63 Information service activities"
"J63.1","63.1 Data processing, hosting and related activities; web portals"
"J63.11","63.11 Data processing, hosting and related activities"
"J63.12","63.12 Web portals"
"J63.9","63.9 Other information service activities"
"J63.91","63.91 News agency activities"
"J63.99","63.99 Other information service activities n.e.c."
"K64","64 Financial service activities, except insurance and pension funding"
"K64.1","64.1 Monetary intermediation"
"K64.11","64.11 Central banking"
"K64.19","64.19 Other monetary intermediation"
"K64.2","64.2 Activities of holding companies"
"K64.20","64.20 Activities of holding companies"
"K64.3","64.3 Trusts, funds and similar financial entities"
"K64.30","64.30 Trusts, funds and similar financial entities"
"K64.9","64.9 Other financial service activities, except insurance and pension funding"
"K64.91","64.91 Financial leasing"
"K64.92","64.92 Other credit granting"
"K64.99","64.99 Other financial service activities, except insurance and pension funding n.e.c."
"K65","65 Insurance, reinsurance and pension funding, except compulsory social security"
"K65.1","65.1 Insurance"
"K65.11","65.11 Life insurance"
"K65.12","65.12 Non-life insurance"
"K65.2","65.2 Reinsurance"
"K65.20","65.20 Reinsurance"
"K65.3","65.3 Pension funding"
"K65.30","65.30 Pension funding"
"K66","66 Activities auxiliary to financial services and insurance activities"
"K66.1","66.1 Activities auxiliary to financial services, except insurance and pension funding"
"K66.11","66.11 Administration of financial markets"
"K66.12","66.12 Security and commodity contracts brokerage"
"K66.19","66.19 Other activities auxiliary to financial services, except insurance and pension funding"
"K66.2","66.2 Activities auxiliary to insurance and pension funding"
"K66.21","66.21 Risk and damage evaluation"
"K66.22","66.22 Activities of insurance agents and brokers"
"K66.29","66.29 Other activities auxiliary to insurance and pension funding"
"K66.3","66.3 Fund management activities"
"K66.30","66.30 Fund management activities"
"L68","68 Real estate activities"
"L68.1","68.1 Buying and selling of own real estate"
"L68.10","68.10 Buying and selling of own real estate"
"L68.2","68.2 Rental and operating of own or leased real estate"
"L68.20","68.20 Rental and operating of own or leased real estate"
"L68.3","68.3 Real estate activities on a fee or contract basis"
"L68.31","68.31 Real estate agencies"
"L68.32","68.32 Management of real estate on a fee or contract basis"
"M69","69 Legal and accounting activities"
"M69.1","69.1 Legal activities"
"M69.10","69.10 Legal activities"
"M69.2","69.2 Accounting, bookkeeping and auditing activities; tax consultancy"
"M69.20","69.20 Accounting, bookkeeping and auditing activities; tax consultancy"
"M70","70 Activities of head offices; management consultancy activities"
"M70.1","70.1 Activities of head offices"
"M70.10","70.10 Activities of head offices"
"M70.2","70.2 Management consultancy activities"
"M70.21","70.21 Public relations and communication activities"
"M70.22","70.22 Business and other management consultancy activities"
"M71","71 Architectural and engineering activities; technical testing and analysis"
"M71.1","71.1 Architectural and engineering activities and related technical consultancy"
"M71.11","71.11 Architectural activities"
"M71.12","71.12 Engineering activities and related technical consultancy"
"M71.2","71.2 Technical testing and analysis"
"M71.20","71.20 Technical testing and analysis"
"M72","72 Scientific research and development"
"M72.1","72.1 Research and experimental development on natural sciences and engineering"
"M72.11","72.11 Research and experimental development on biotechnology"
"M72.19","72.19 Other research and experimental development on natural sciences and engineering"
"M72.2","72.2 Research and experimental development on social sciences and humanities"
"M72.20","72.20 Research and experimental development on social sciences and humanities"
"M73","73 Advertising and market research"
"M73.1","73.1 Advertising"
"M73.11","73.11 Advertising agencies"
"M73.12","73.12 Media representation"
"M73.2","73.2 Market research and public opinion polling"
"M73.20","73.20 Market research and public opinion polling"
"M74","74 Other professional, scientific and technical activities"
"M74.1","74.1 Specialised design activities"
"M74.10","74.10 Specialised design activities"
"M74.2","74.2 Photographic activities"
"M74.20","74.20 Photographic activities"
"M74.3","74.3 Translation and interpretation activities"
"M74.30","74.30 Translation and interpretation activities"
"M74.9","74.9 Other professional, scientific and technical activities n.e.c."
"M74.90","74.90 Other professional, scientific and technical activities n.e.c."
"M75","75 Veterinary activities"
"M75.0","75.0 Veterinary activities"
"M75.00","75.00 Veterinary activities"
"N77","77 Rental and leasing activities"
"N77.1","77.1 Rental and leasing of motor vehicles"
"N77.11","77.11 Rental and leasing of cars and light motor vehicles"
"N77.12","77.12 Rental and leasing of trucks"
"N77.2","77.2 Rental and leasing of personal and household goods"
"N77.21","77.21 Rental and leasing of recreational and sports goods"
"N77.22","77.22 Rental of video tapes and disks"
"N77.29","77.29 Rental and leasing of other personal and household goods"
"N77.3","77.3 Rental and leasing of other machinery, equipment and tangible goods"
"N77.31","77.31 Rental and leasing of agricultural machinery and equipment"
"N77.32","77.32 Rental and leasing of construction and civil engineering machinery and equipment"
"N77.33","77.33 Rental and leasing of office machinery and equipment (including computers)"
"N77.34","77.34 Rental and leasing of water transport equipment"
"N77.35","77.35 Rental and leasing of air transport equipment"
"N77.39","77.39 Rental and leasing of other machinery, equipment and tangible goods n.e.c."
"N77.4","77.4 Leasing of intellectual property and similar products, except copyrighted works"
"N77.40","77.40 Leasing of intellectual property and similar products, except copyrighted works"
"N78","78 Employment activities"
"N78.1","78.1 Activities of employment placement agencies"
"N78.10","78.10 Activities of employment placement agencies"
"N78.2","78.2 Temporary employment agency activities"
"N78.20","78.20 Temporary employment agency activities"
"N78.3","78.3 Other human resources provision"
"N78.30","78.30 Other human resources provision"
"N79","79 Travel agency, tour operator and other reservation service and related activities"
"N79.1","79.1 Travel agency and tour operator activities"
"N79.11","79.11 Travel agency activities"
"N79.12","79.12 Tour operator activities"
"N79.9","79.9 Other reservation service and related activities"
"N79.90","79.90 Other reservation service and related activities"
"N80","80 Security and investigation activities"
"N80.1","80.1 Private security activities"
"N80.10","80.10 Private security activities"
"N80.2","80.2 Security systems service activities"
"N80.20","80.20 Security systems service activities"
"N80.3","80.3 Investigation activities"
"N80.30","80.30 Investigation activities"
"N81","81 Services to buildings and landscape activities"
"N81.1","81.1 Combined facilities support activities"
"N81.10","81.10 Combined facilities support activities"
"N81.2","81.2 Cleaning activities"
"N81.21","81.21 General cleaning of buildings"
"N81.22","81.22 Other building and industrial cleaning activities"
"N81.29","81.29 Other cleaning activities"
"N81.3","81.3 Landscape service activities"
"N81.30","81.30 Landscape service activities"
"N82","82 Office administrative, office support and other business support activities"
"N82.1","82.1 Office administrative and support activities"
"N82.11","82.11 Combined office administrative service activities"
"N82.19","82.19 Photocopying, document preparation and other specialised office support activities"
"N82.2","82.2 Activities of call centres"
"N82.20","82.20 Activities of call centres"
"N82.3","82.3 Organisation of conventions and trade shows"
"N82.30","82.30 Organisation of conventions and trade shows"
"N82.9","82.9 Business support service activities n.e.c."
"N82.91","82.91 Activities of collection agencies and credit bureaus"
"N82.92","82.92 Packaging activities"
"N82.99","82.99 Other business support service activities n.e.c."
"O84","84 Public administration and defence; compulsory social security"
"O84.1","84.1 Administration of the State and the economic and social policy of the community"
"O84.11","84.11 General public administration activities"
"O84.12","84.12 Regulation of the activities of providing health care, education, cultural services and other social services, excluding social security"
"O84.13","84.13 Regulation of and contribution to more efficient operation of businesses"
"O84.2","84.2 Provision of services to the community as a whole"
"O84.21","84.21 Foreign affairs"
"O84.22","84.22 Defence activities"
"O84.23","84.23 Justice and judicial activities"
"O84.24","84.24 Public order and safety activities"
"O84.25","84.25 Fire service activities"
"O84.3","84.3 Compulsory social security activities"
"O84.30","84.30 Compulsory social security activities"
"P85","85 Education"
"P85.1","85.1 Pre-primary education"
"P85.10","85.10 Pre-primary education"
"P85.2","85.2 Primary education"
"P85.20","85.20 Primary education"
"P85.3","85.3 Secondary education"
"P85.31","85.31 General secondary education"
"P85.32","85.32 Technical and vocational secondary education"
"P85.4","85.4 Higher education"
"P85.41","85.41 Post-secondary non-tertiary education"
"P85.42","85.42 Tertiary education"
"P85.5","85.5 Other education"
"P85.51","85.51 Sports and recreation education"
"P85.52","85.52 Cultural education"
"P85.53","85.53 Driving school activities"
"P85.59","85.59 Other education n.e.c."
"P85.6","85.6 Educational support activities"
"P85.60","85.60 Educational support activities"
"Q86","86 Human health activities"
"Q86.1","86.1 Hospital activities"
"Q86.10","86.10 Hospital activities"
"Q86.2","86.2 Medical and dental practice activities"
"Q86.21","86.21 General medical practice activities"
"Q86.22","86.22 Specialist medical practice activities"
"Q86.23","86.23 Dental practice activities"
"Q86.9","86.9 Other human health activities"
"Q86.90","86.90 Other human health activities"
"Q87","87 Residential care activities"
"Q87.1","87.1 Residential nursing care activities"
"Q87.10","87.10 Residential nursing care activities"
"Q87.2","87.2 Residential care activities for mental retardation, mental health and substance abuse"
"Q87.20","87.20 Residential care activities for mental retardation, mental health and substance abuse"
"Q87.3","87.3 Residential care activities for the elderly and disabled"
"Q87.30","87.30 Residential care activities for the elderly and disabled"
"Q87.9","87.9 Other residential care activities"
"Q87.90","87.90 Other residential care activities"
"Q88","88 Social work activities without accommodation"
"Q88.1","88.1 Social work activities without accommodation for the elderly and disabled"
"Q88.10","88.10 Social work activities without accommodation for the elderly and disabled"
"Q88.9","88.9 Other social work activities without accommodation"
"Q88.91","88.91 Child day-care activities"
"Q88.99","88.99 Other social work activities without accommodation n.e.c."
"R90","90 Creative, arts and entertainment activities"
"R90.0","90.0 Creative, arts and entertainment activities"
"R90.01","90.01 Performing arts"
"R90.02","90.02 Support activities to performing arts"
"R90.03","90.03 Artistic creation"
"R90.04","90.04 Operation of arts facilities"
"R91","91 Libraries, archives, museums and other cultural activities"
"R91.0","91.0 Libraries, archives, museums and other cultural activities"
"R91.01","91.01 Library and archives activities"
"R91.02","91.02 Museums activities"
"R91.03","91.03 Operation of historical sites and buildings and similar visitor attractions"
"R91.04","91.04 Botanical and zoological gardens and nature reserves activities"
"R92","92 Gambling and betting activities"
"R92.0","92.0 Gambling and betting activities"
"R92.00","92.00 Gambling and betting activities"
"R93","93 Sports activities and amusement and recreation activities"
"R93.1","93.1 Sports activities"
"R93.11","93.11 Operation of sports facilities"
"R93.12","93.12 Activities of sports clubs"
"R93.13","93.13 Fitness facilities"
"R93.19","93.19 Other sports activities"
"R93.2","93.2 Amusement and recreation activities"
"R93.21","93.21 Activities of amusement parks and theme parks"
"R93.29","93.29 Other amusement and recreation activities"
"S94","94 Activities of membership organisations"
"S94.1","94.1 Activities of business, employers and professional membership organisations"
"S94.11","94.11 Activities of business and employers membership organisations"
"S94.12","94.12 Activities of professional membership organisations"
"S94.2","94.2 Activities of trade unions"
"S94.20","94.20 Activities of trade unions"
"S94.9","94.9 Activities of other membership organisations"
"S94.91","94.91 Activities of religious organisations"
"S94.92","94.92 Activities of political organisations"
"S94.99","94.99 Activities of other membership organisations n.e.c."
"S95","95 Repair of computers and personal and household goods"
"S95.1","95.1 Repair of computers and communication equipment"
"S95.11","95.11 Repair of computers and peripheral equipment"
"S95.12","95.12 Repair of communication equipment"
"S95.2","95.2 Repair of personal and household goods"
"S95.21","95.21 Repair of consumer electronics"
"S95.22","95.22 Repair of household appliances and home and garden equipment"
"S95.23","95.23 Repair of footwear and leather goods"
"S95.24","95.24 Repair of furniture and home furnishings"
"S95.25","95.25 Repair of watches, clocks and jewellery"
"S95.29","95.29 Repair of other personal and household goods"
"S96","96 Other personal service activities"
"S96.0","96.0 Other personal service activities"
"S96.01","96.01 Washing and (dry-)cleaning of textile and fur products"
"S96.02","96.02 Hairdressing and other beauty treatment"
"S96.03","96.03 Funeral and related activities"
"S96.04","96.04 Physical well-being activities"
"S96.09","96.09 Other personal service activities n.e.c."
"T97","97 Activities of households as employers of domestic personnel"
"T97.0","97.0 Activities of households as employers of domestic personnel"
"T97.00","97.00 Activities of households as employers of domestic personnel"
"T98","98 Undifferentiated goods- and services-producing activities of private households for own use"
"T98.1","98.1 Undifferentiated goods-producing activities of private households for own use"
"T98.10","98.10 Undifferentiated goods-producing activities of private households for own use"
"T98.2","98.2 Undifferentiated service-producing activities of private households for own use"
"T98.20","98.20 Undifferentiated service-producing activities of private households for own use"
"U99","99 Activities of extraterritorial organisations and bodies"
"U99.0","99.0 Activities of extraterritorial organisations and bodies"
"U99.00","99.00 Activities of extraterritorial organisations and bodies"
"A","A AGRICULTURE, FORESTRY AND FISHING"
"B","B MINING AND QUARRYING"
"C","C MANUFACTURING"
"D","D ELECTRICITY, GAS, STEAM AND AIR CONDITIONING SUPPLY"
"E","E WATER SUPPLY; SEWERAGE, WASTE MANAGEMENT AND REMEDIATION ACTIVITIES"
"F","F CONSTRUCTION"
"G","G WHOLESALE AND RETAIL TRADE; REPAIR OF MOTOR VEHICLES AND MOTORCYCLES"
"H","H TRANSPORTATION AND STORAGE"
"I","I ACCOMMODATION AND FOOD SERVICE ACTIVITIES"
"J","J INFORMATION AND COMMUNICATION"
"K","K FINANCIAL AND INSURANCE ACTIVITIES"
"L","L REAL ESTATE ACTIVITIES"
"M","M PROFESSIONAL, SCIENTIFIC AND TECHNICAL ACTIVITIES"
"N","N ADMINISTRATIVE AND SUPPORT SERVICE ACTIVITIES"
"O","O PUBLIC ADMINISTRATION AND DEFENCE; COMPULSORY SOCIAL SECURITY"
"P","P EDUCATION"
"Q","Q HUMAN HEALTH AND SOCIAL WORK ACTIVITIES"
"R","R ARTS, ENTERTAINMENT AND RECREATION"
"S","S OTHER SERVICE ACTIVITIES"
"T","T ACTIVITIES OF HOUSEHOLDS AS EMPLOYERS; UNDIFFERENTIATED GOODS- AND SERVICES-PRODUCING ACTIVITIES OF HOUSEHOLDS FOR OWN USE"
"U","U ACTIVITIES OF EXTRATERRITORIAL ORGANISATIONS AND BODIES"
